address,built,city,propertyType,soldDate,soldPrice,sqft,zipCode
161 Morningside Ave,1901,New York,Multi-Family,ie," Contact For Estimate
 ","8,609 sqft",10027
150 E 86th St #11F,2007,New York,Condo,"Dec 21, 2018","2,675,000","1,621 sqft",10028
407 E 12th St #1RSE,ie,New York,Condo,"Dec 28, 2018","1,986,075","1,453 sqft",10009
340 W 48th St,1920,New York,Multi-Family,ie," Contact For Estimate
 ","7,497 sqft",10036
342 W 85th St #3C344,1875,New York,Condo,"Jan 3, 2019","1,212,500",824 sqft,10024
333 E 82nd St,1920,New York,Multi-Family,ie," Contact For Estimate
 ","4,032 sqft",10028
15 W 53rd St #19C,1982,New York,Condo,ie," Contact For Estimate
 ",973 sqft,10019
505 W 19th St #7D,2013,New York,Condo,"Jan 14, 2019","2,000,000","1,077 sqft",10011
88 Greenwich St #3505,1956,New York,Condo,"Jan 17, 2019","995,000",681 sqft,10006
1965 Broadway #19A,ie,New York,Condo,"Jan 23, 2019","4,100,000","1,859 sqft",10023
2148 Broadway #PH3A,2009,New York,Condo,"Jan 25, 2019","10,495,000","2,532 sqft",10023
225 E 74th St #5H,1938,New York,Coop,ie," Contact For Estimate
 ","86,988 sqft",10021
3 E 88th St,1940,Brooklyn,Multi-Family,ie,"605,134
 ","2,165 sqft",11236
1144 Lydig Ave #6F,1963,Bronx,ie,ie," Contact For Estimate
 ",Condo,10461
8451 Beverly Rd #1W,1941,Kew Gardens,Coop,ie," Contact For Estimate
 ","156,510 sqft",11415
270 Seaman Ave #C4,1926,New York,Coop,ie," Contact For Estimate
 ","50,066 sqft",10034
353 Cromwell Ave,2004,Staten Island,Single-Family Home,ie,"614,739
 ","1,185 sqft",10305
234 Greencroft Ave,1965,Staten Island,Single-Family Home,ie," Contact For Estimate
 ","1,884 sqft",10308
81 Gary Ct,1975,Staten Island,Multi-Family,ie,"608,404
 ","2,068 sqft",10314
30 Walker Dr,1990,Staten Island,Single-Family Home,ie,"313,426
 ",935 sqft,10303
58 Emily Ln,1996,Staten Island,Single-Family Home,ie,"266,828
 ",929 sqft,10312
75 Venus Pl,ie,Staten Island,ie,ie," Contact For Estimate
 ",Multi-Family,10312
622 Drumgoole Rd W,1975,Staten Island,Single-Family Home,ie,"684,118
 ","1,969 sqft",10312
155 W 70th St #4H,ie,New York,Condo,"Jan 29, 2019","620,000",617 sqft,10023
301 E 45th St #15C,1980,Manhattan,Condo,"Jan 30, 2019","695,000",522 sqft,10017
101 W 24th St #28D,2008,New York,Condo,"Jan 30, 2019","2,665,000","1,286 sqft",10011
301 W 110th St #14D,1989,New York,Condo,"Jan 30, 2019","610,000",589 sqft,10026
315 7th Ave #17C,ie,New York,Condo,"Jan 30, 2019","860,000",612 sqft,10001
223 W 80th St #11,2004,New York,Condo,"Jan 30, 2019","2,300,000","1,612 sqft",10024
613 Hudson St,1899,New York,Single-Family Home,"Jan 30, 2019","5,100,000","2,080 sqft",10014
333 E 30th St #14K,1962,New York,Condo,"Jan 30, 2019","775,000",763 sqft,10016
101 Warren St #1550,2007,New York,Condo,"Jan 30, 2019","3,870,000","1,920 sqft",10007
50 Riverside Blvd #3J,2013,New York,Condo,"Jan 30, 2019","2,275,000","1,410 sqft",10069
200 Riverside Blvd #16A,ie,New York,Condo,"Jan 30, 2019","2,400,000","1,557 sqft",10069
220 3rd Ave #2C,1901,New York,Condo,"Jan 30, 2019","950,000",525 sqft,10003
768 5th Ave #1321,ie,New York,Multi-Family,"Jan 30, 2019","2,800,000",902 sqft,10019
400 E 51st St #4C,2002,Manhattan,Condo,"Jan 30, 2019","1,180,000","1,046 sqft",10022
77 W 55th St #7A,1962,New York,ie,ie,"       $535,000
      
     ",ie,10019
150 W 51st St #2022,ie,Manhattan,Condo,"Jan 30, 2019","540,000",353 sqft,10019
412 Greenwich St,1915,New York,Condo,"Jan 30, 2019","13,240,000","4,986 sqft",10013
650 Avenue Of The Americas #3L,1906,New York,Condo,"Jan 30, 2019","1,620,000","1,090 sqft",10011
18-20 Pine St #1703,1928,New York,Condo,"Jan 30, 2019","767,000",656 sqft,10005
234 E 70th St #1,2011,New York,Condo,"Jan 31, 2019","2,075,000","1,977 sqft",10021
516 W 47th St #N3G,2003,New York,Condo,"Jan 31, 2019","1,100,000",912 sqft,10036
209-211 E 51st St #5D,1958,New York,Condo,"Jan 31, 2019","665,000",505 sqft,10022
220 E 60th St #6M,1965,New York,Condo,"Jan 31, 2019","540,000",443 sqft,10022
209-211 E 51st St #9F,1958,New York,Condo,"Jan 31, 2019","1,150,000",842 sqft,10022
20 West St #44F,1930,New York,Condo,"Jan 31, 2019","527,500",368 sqft,10004
555 W 23rd St #S7R,2005,New York,Condo,"Jan 31, 2019","1,153,750",852 sqft,10011
101 W 24th St #4H,2008,New York,Condo,"Jan 31, 2019","1,525,000",836 sqft,10011
392 Central Park W #4M,1960,New York,Condo,"Jan 31, 2019","1,100,000",788 sqft,10025
249 E 7th St #1,2001,New York,Coop,"Feb 1, 2019","399,000","9,664 sqft",10009
16036 119th Dr,1955,Jamaica,Multi-Family,ie,"624,259
 ","1,215 sqft",11434
14644 Lakewood Ave,1925,Jamaica,Multi-Family,ie,"519,429
 ","1,248 sqft",11435
15807 137th Ave,1955,Jamaica,Multi-Family,ie,"478,332
 ","1,698 sqft",11434
14548 Ferndale Ave,1940,Jamaica,Multi-Family,ie,"610,179
 ","2,300 sqft",11435
8159 246th St,1950,Jamaica,Single-Family Home,ie,"624,311
 ","1,163 sqft",11426
17502 139th Rd,1920,Queens,Single-Family Home,ie,"554,789
 ","2,443 sqft",11434
4140 Union St #6U,ie,Flushing,Condo,ie," Contact For Estimate
 ",687 sqft,11355
3625 172nd St,1940,Flushing,Multi-Family,ie," Contact For Estimate
 ","2,150 sqft",11358
1828 Edison Ave,1925,Bronx,Multi-Family,ie," Contact For Estimate
 ","2,662 sqft",10461
1425 Bryant Ave #A,1995,Bronx,Multi-Family,ie,"590,166
 ","2,520 sqft",10459
3962 Bronx Blvd,1965,Bronx,Multi-Family,ie,"597,830
 ","2,680 sqft",10466
199 Throggs Neck Blvd,1960,Bronx,Single-Family Home,ie,"557,842
 ","1,944 sqft",10465
954 E 231st St,1935,Bronx,Multi-Family,ie,"422,600
 ","1,184 sqft",10466
1520 Bruckner Blvd,2003,Bronx,Multi-Family,ie," Contact For Estimate
 ","5,400 sqft",10473
1118 Metcalf Ave,1926,Bronx,Multi-Family,ie,"765,254
 ","3,301 sqft",10472
Cross Bronx Expy,ie,Bronx,ie,ie," Contact For Estimate
 ",Lot/Land,10472
2044 Washington Ave,1899,Bronx,Multi-Family,ie,"383,646
 ","1,804 sqft",10457
744 Saint Lawrence Ave,2005,Bronx,Multi-Family,ie," Contact For Estimate
 ","6,942 sqft",10473
2353 Wickham Ave,1965,Bronx,Multi-Family,ie,"586,241
 ","1,644 sqft",10469
1046 E 222nd St,1955,Bronx,Multi-Family,ie,"526,973
 ","1,560 sqft",10469
1852 Yates Ave,1940,Bronx,Single-Family Home,"May 12, 2018","385,000","1,656 sqft",10461
1725 Purdy St #2H,ie,Bronx,Condo,"May 14, 2018","159,000",623 sqft,10462
1119 Throggmorton Ave,1960,Bronx,Multi-Family,"May 14, 2018","621,000","2,016 sqft",10465
1822 Marmion Ave,1910,Bronx,Unknown,"May 14, 2018","450,000","1,112 sqft",10460
218 E 179th St,1910,Bronx,Multi-Family,"May 14, 2018","780,000","4,158 sqft",10457
1144 Lydig Ave #4C,1963,Bronx,Condo,"May 14, 2018","309,000",800 sqft,10461
2241 Turnbull Ave,1965,Bronx,Multi-Family,"May 14, 2018","475,000","1,815 sqft",10473
208 Throggs Neck Blvd,1950,Bronx,Single-Family Home,"May 14, 2018","430,000",960 sqft,10465
3240 Netherland Ave #2C,1988,Bronx,Condo,"May 14, 2018","230,000",479 sqft,10463
1942 Tomlinson Ave,1925,Bronx,Multi-Family,"May 14, 2018","810,000","3,306 sqft",10461
1273 Stadium Ave,1925,Bronx,Single-Family Home,"May 14, 2018","300,000","1,400 sqft",10465
4414 Bruner Ave,1925,Bronx,Single-Family Home,"May 14, 2018","370,000","1,128 sqft",10466
3911 Duryea Ave,1962,Bronx,Multi-Family,"May 15, 2018","600,000","3,120 sqft",10466
2049 Burr Ave #ENTIRE HOUSE,1950,Bronx,Multi-Family,"May 15, 2018","775,000","2,321 sqft",10461
1504 Vyse Ave,2006,Bronx,Multi-Family,ie,"383,801
 ","3,678 sqft",10460
960 E 86th St,1930,Brooklyn,Multi-Family,ie,"562,443
 ","1,456 sqft",11236
1866 E 27th St,1935,Brooklyn,Multi-Family,ie," Contact For Estimate
 ","1,948 sqft",11229
622 Louisiana Ave #2,1992,Brooklyn,Condo,ie," Contact For Estimate
 ","1,025 sqft",11239
1990 Troy Ave,1935,Brooklyn,Single-Family Home,ie,"605,846
 ","1,440 sqft",11234
392 11th St #3A,2003,Brooklyn,Condo,ie,"954,527
 ",934 sqft,11215
122 West St #1C,2008,Brooklyn,Condo,ie," Contact For Estimate
 ",688 sqft,11222
270 W 17th St #4C,1989,New York,Condo,ie," Contact For Estimate
 ",847 sqft,10011
100 W 39th St #38E,2004,New York,Condo,ie," Contact For Estimate
 ",701 sqft,10018
343 W 47th St,1920,New York,Coop,ie,"791,686
 ","5,272 sqft",10036
300 E 64th St #7H,1996,New York,Condo,ie," Contact For Estimate
 ","1,658 sqft",10065
24 W 123rd St,1909,New York,Multi-Family,ie," Contact For Estimate
 ","2,484 sqft",10027
188 E 70th St #16B,1986,New York,Condo,ie,"747,477
 ",547 sqft,10021
350 W 53rd St #1DTHD,2005,New York,Condo,ie," Contact For Estimate
 ","1,384 sqft",10019
305 W 150th St #607,1921,New York,Condo,ie," Contact For Estimate
 ",570 sqft,10039
156 E 36th St #158,1915,New York,Single-Family Home,ie," Contact For Estimate
 ","2,427 sqft",10016
200 Rector Pl #31F,1987,New York,ie,ie,"       $1,035,000
      
     ",ie,10280
516 W 47th St #S5E,2003,New York,Condo,"May 14, 2018","790,000",611 sqft,10036
39-45 E 29th St #15C,2008,New York,Condo,"May 14, 2018","1,608,888",785 sqft,10016
300 Rector Pl #6I,ie,New York,Condo,"May 14, 2018","610,000",625 sqft,10280
421 E 13th St #3A,2008,New York,Condo,"May 14, 2018","1,600,000","1,047 sqft",10009
225 W 83rd St #8L,1985,New York,Condo,"May 14, 2018","1,995,000","1,114 sqft",10024
229 E 28th St #6K,1962,New York,Coop,"May 14, 2018","395,000","44,912 sqft",10016
161 Grand St #5A,ie,Manhattan,Condo,ie," Contact For Estimate
 ","1,771 sqft",10013
333 E 30th St #2G,1962,New York,Condo,ie," Contact For Estimate
 ",476 sqft,10016
2250 Broadway #4G,1987,New York,Condo,"May 14, 2018","999,999",740 sqft,10024
845 W End Ave #6E,1930,New York,Condo,"May 14, 2018","3,125,000","2,313 sqft",10025
330 E 38th St #8D,ie,New York,Condo,"May 14, 2018","1,765,000","1,372 sqft",10016
186 Riverside Dr #6D,1928,New York,Coop,"May 15, 2018","835,000","152,016 sqft",10024
502 9th Ave #10B,2007,New York,Condo,"May 15, 2018","2,430,000","1,164 sqft",10018
18 W 129th St #2A,2008,Manhattan,Condo,"May 15, 2018","620,000",594 sqft,10027
330 E 38th St #20A,ie,New York,Condo,"May 15, 2018","1,475,000","1,009 sqft",10016
7 Hubert St #M9C,2004,New York,Condo,"Jan 25, 2019","7,200,000","4,663 sqft",10013
750 Riverside Dr #5C,1920,New York,Condo,"Jan 25, 2019","515,000",660 sqft,10031
12 River Ter #9M,2006,New York,Condo,"Jan 25, 2019","2,400,000","1,449 sqft",10282
330 E 38th St #15Q,ie,New York,Condo,"Jan 25, 2019","1,210,000",958 sqft,10016
48 W 138th St #6F,1940,New York,Condo,"Jan 25, 2019","356,000",306 sqft,10037
252 7th Ave #10P,ie,New York,Condo,"Jan 25, 2019","4,000,000","2,154 sqft",10001
11 E 29th St #48B,2005,New York,Condo,ie," Contact For Estimate
 ","1,150 sqft",10016
245 E 93rd St #3B,1986,New York,Condo,"Jan 28, 2019","730,000",813 sqft,10128
635 W 42nd St #10D,2005,New York,Condo,"Jan 28, 2019","879,000",678 sqft,10036
63 W 17th St #4-B,ie,New York,Condo,"Jan 28, 2019","2,400,000","1,361 sqft",10011
345 E 69th St #9B,1963,New York,Coop,"Jan 28, 2019","435,000","134,070 sqft",10021
180 Avenue Of The Americas #3B,2013,New York,Condo,"Jan 28, 2019","1,375,000",737 sqft,10013
140 West St #11K,ie,New York,ie,"Jan 28, 2019","4,100,000",Condo,10007
21 Ludlow St #8A,1901,New York,Condo,"Jan 28, 2019","765,000",500 sqft,10002
25 Central Park W #3G,ie,New York,Condo,"Jan 28, 2019","1,090,000",819 sqft,10023
539 W 144th St #5,1900,New York,Condo,"Jan 28, 2019","610,000",928 sqft,10031
77 W 55th St #14D,ie,New York,Condo,"Jan 28, 2019","695,000",566 sqft,10019
401 E 89th St #3B,ie,New York,Condo,"Jan 28, 2019","760,000",929 sqft,10128
360 E 88th St #14A,1988,New York,Condo,"Jan 29, 2019","1,350,000",984 sqft,10128
250 E 40th St #24B,1988,New York,Condo,"Jan 29, 2019","1,290,000",967 sqft,10016
224 E 52nd St #22,ie,New York,Condo,"Jan 29, 2019","655,000",600 sqft,10022
2112 Broadway #5A,ie,New York,Condo,"Jan 29, 2019","3,900,000","2,193 sqft",10023
295 Greenwich St #8JN,1987,New York,Condo,"Jan 29, 2019","640,000",432 sqft,10007
416 E 117th St #4-C,2007,New York,Condo,"Jan 29, 2019","658,630",771 sqft,10035
258 Saint Nicholas Ave #6D,2006,New York,Condo,"Jan 29, 2019","1,350,000","1,320 sqft",10027
130 E 12th St #3A,1905,New York,ie,ie,"       $2,550,000
      
     ",ie,10003
80 Riverside Blvd #24A,2006,New York,Condo,"Jan 23, 2019","3,458,907","1,850 sqft",10069
150 E 86th St #17D,2007,New York,Condo,"Jan 23, 2019","8,950,000","4,158 sqft",10028
111 W 67th St #26D,ie,New York,Condo,"Jan 23, 2019","2,835,000","1,384 sqft",10023
26 E 63rd St #4A,ie,New York,Condo,"Jan 23, 2019","3,500,000","1,316 sqft",10065
261 W 28th St #2E,2006,New York,Condo,"Jan 23, 2019","1,850,000","1,238 sqft",10001
438-448 W 37th St #12B,ie,New York,Condo,"Jan 23, 2019","1,850,000","1,892 sqft",10018
229 W 116th St #3C,2006,New York,Condo,"Jan 23, 2019","700,000",818 sqft,10026
498 W End Ave #5D,ie,New York,ie,"Jan 23, 2019","1,140,311",Condo,10024
1760 2nd Ave #18E,ie,New York,Condo,"Jan 23, 2019","830,000",694 sqft,10128
322 W 57th St #22S,1978,New York,Condo,"Jan 24, 2019","1,950,000","1,014 sqft",10019
20 West St #PH-F,1930,New York,Condo,"Jan 24, 2019","510,000",368 sqft,10004
299 W 12th St #1E,1930,New York,Condo,"Jan 24, 2019","1,150,000",585 sqft,10014
205 E 68th St #T4H,1991,New York,Condo,"Jan 24, 2019","930,000",744 sqft,10065
1 Morton Sq #4A,2002,New York,Condo,"Jan 24, 2019","2,275,000","1,187 sqft",10014
200 W End Ave #9N,ie,New York,Condo,"Jan 24, 2019","975,000",637 sqft,10023
12 River Ter #4C,2006,New York,Condo,"Jan 24, 2019","1,678,000","1,088 sqft",10282
121 E 23rd St #4B,2005,New York,Condo,"Jan 24, 2019","930,000",695 sqft,10010
368 W 117th St #3F,1901,New York,Condo,"Jan 24, 2019","1,405,000","1,325 sqft",10026
58 W 129th St #5D,2014,New York,Condo,"Jan 25, 2019","1,136,500",938 sqft,10027
443 Greenwich St #3C,ie,Manhattan,ie,"Jan 25, 2019","10,200,000",Condo,10013
555 W 23rd St #N6G,2005,New York,Condo,"Jan 25, 2019","750,000",508 sqft,10011
520 W 110th St #1C,1911,New York,Condo,"Jan 25, 2019","2,100,000","1,631 sqft",10025
635 W 42nd St #20F,2005,New York,Condo,"Jan 25, 2019","1,175,000",758 sqft,10036
159 W 118th St #2E,1920,New York,Condo,"Jan 25, 2019","1,325,000","1,296 sqft",10026
120 Riverside Blvd #15T,ie,New York,Condo,"Jan 25, 2019","1,588,888","1,043 sqft",10069
800 10th Ave,2008,New York,Condo,"Jan 25, 2019","3,100,000","1,702 sqft",10019
1438 3rd Ave #26B,1985,New York,Condo,"Jan 17, 2019","1,175,000",790 sqft,10028
45 Park Ave #2103,2008,New York,Condo,"Jan 17, 2019","1,490,000",812 sqft,10016
80 W 120th St,1899,New York,Multi-Family,"Jan 18, 2019","2,900,000","4,740 sqft",10027
125 E 12th St #1D,ie,New York,Condo,"Jan 18, 2019","3,250,000","2,058 sqft",10003
300 E 62nd St #1003,1985,New York,Condo,"Jan 18, 2019","510,000",435 sqft,10065
311 E 38th St #11C,1984,New York,Condo,"Jan 18, 2019","652,000",496 sqft,10016
88 Greenwich St #1013,1956,Manhattan,Condo,"Jan 18, 2019","640,000",627 sqft,10006
303 E 49th St #22,1982,New York,Condo,"Jan 18, 2019","3,650,000","2,432 sqft",10017
19 Mount Morris Park W #5A,ie,New York,Condo,"Jan 18, 2019","1,075,000",917 sqft,10027
48 W 138th St #6K,1940,New York,Condo,"Jan 18, 2019","490,000",455 sqft,10037
311 E 38th St #18B,1984,New York,Condo,"Jan 18, 2019","951,000",745 sqft,10016
1 Central Park W #35E,ie,New York,Condo,"Jan 18, 2019","3,150,000","1,444 sqft",10023
333 E 34th St #12H,1961,Manhattan,Condo,"Jan 22, 2019","760,000",715 sqft,10016
69-71 E 130th St #4C,2000,New York,Condo,"Jan 22, 2019","636,500",778 sqft,10037
2077 5th Ave #5C,ie,New York,Condo,"Jan 22, 2019","1,270,000","1,260 sqft",10035
246 Spring St #3004,2007,New York,Multi-Family,"Jan 22, 2019","550,000",425 sqft,10013
2110 Frederick Douglass Blvd #6B,2008,New York,Condo,"Jan 22, 2019","1,585,000","1,322 sqft",10026
215 W 134th St,1910,New York,Multi-Family,"Jan 22, 2019","2,080,000","2,550 sqft",10030
240 W End Ave #14A,1924,New York,Condo,"Jan 22, 2019","1,685,000","1,081 sqft",10023
20 W 64th St #20P,1970,New York,Condo,"Jan 22, 2019","2,050,000","1,056 sqft",10023
352 W 117th St #5G,1900,New York,Condo,"Jan 22, 2019","975,000",953 sqft,10026
308 W 30th St #1A,1925,New York,Condo,"Jan 23, 2019","565,000",432 sqft,10001
181 E 65th St #4C,ie,New York,Condo,"Jan 23, 2019","2,750,000","1,606 sqft",10065
326 W 83rd St #5D,1920,New York,Coop,"Jan 23, 2019","460,000","19,362 sqft",10024
240 E 55th St #7D,1959,New York,1 bath,ie," Contact For Estimate
 ",1 bed,10022
160 Wadsworth Ave #208,ie,New York,Condo,"Jan 23, 2019","375,000",527 sqft,10033
162 E 80th St #2B,1926,New York,Coop,"Jan 23, 2019","2,025,000","49,435 sqft",10075
463 W 143rd St,1920,New York,Multi-Family,"Jan 23, 2019","3,188,250","5,130 sqft",10031
125 E 12th St #4H,1800,New York,1 bath,ie," Contact For Estimate
 ",1 bed,10003
340 E 64th St #6P,1965,New York,1 bath,ie," Contact For Estimate
 ",1 bed,10065
200 W 109th St #C8,1925,New York,1 bath,ie," Contact For Estimate
 ",1 bed,10025
88 Lexington Ave #405,1927,New York,3 baths,ie," Contact For Estimate
 ",3 beds,10016
330 Spring St #8D,ie,New York,2.5 baths,ie," Contact For Estimate
 ",2 beds,10013
305 E 85th St #16B,2008,New York,4.5 baths,ie," Contact For Estimate
 ",4 beds,10028
389 E 89th St #5E,2002,New York,1 bath,ie," Contact For Estimate
 ",1 bed,10128
30 Little St W #4G,2006,New York,2 baths,ie," Contact For Estimate
 ",2 beds,10280
205 E 85th St #11B,ie,New York,1 bath,ie," Contact For Estimate
 ",1 bed,10028
54 Macdougal St,2018,New York,ie,ie,"       $9,950,000
      
     ",ie,10012
408 E 79th St #5C,2004,New York,2 baths,ie," Contact For Estimate
 ",2 beds,10075
255 E 74th St #29A,ie,Manhattan,3.5 baths,ie," Contact For Estimate
 ",5 beds,10021
53 Warren St #4,1920,New York,2 baths,ie," Contact For Estimate
 ",2 beds,10007
240 E 46th St #8G,1962,New York,1 bath,ie," Contact For Estimate
 ",2 beds,10017
30 E 95th St #7E,1910,New York,1 bath,ie," Contact For Estimate
 ",1 bed,10128
416 W 52nd St #506,ie,New York,2 baths,ie," Contact For Estimate
 ",2 beds,10019
335 W 21st St #2FE,ie,Manhattan,1 bath,ie," Contact For Estimate
 ",1 bed,10011
200 E 69th St #7E,1991,New York,500 sqft,ie," Contact For Estimate
 ",1 bath,10021
141 W 24th St #6,1901,New York,2.5 baths,ie," Contact For Estimate
 ",4 beds,10011
159 W 53rd St #14A,1968,New York,1 bath,ie," Contact For Estimate
 ",1 bed,10019
345 E 80th St #30H,1973,New York,1 bath,ie," Contact For Estimate
 ",1 bed,10075
2109 Broadway #17131,1902,New York,2 baths,ie," Contact For Estimate
 ",2 beds,10023
301 W 53rd St #20G,1979,New York,1 bath,ie," Contact For Estimate
 ",1 bed,10019
266 W 71st St,1899,New York,6 baths,ie," Contact For Estimate
 ",4 beds,10023
200 Rector Pl #36H,1987,New York,ie,ie,"       $1,395,000
      
     ",ie,10280
21-23 S William St #6E,1927,New York,1 bath,ie," Contact For Estimate
 ",1 bed,10004
433 W 54th St #17,1920,New York,1 bath,ie," Contact For Estimate
 ",1 bed,10019
360 E 88th St #25C,1988,New York,ie,ie,"       $1,995,000
      
     ",ie,10128
218 E 47th St #12B,1985,New York,Condo,ie," Contact For Estimate
 ",625 sqft,10017
220 E 65th St #9E,1978,New York,406 sqft,ie," Contact For Estimate
 ",1 bath,10065
181 7th Ave #14C,1987,New York,1 bath,ie," Contact For Estimate
 ",1 bed,10011
555 W 59th St #6G,2007,New York,ie,ie,"       $1,899,000
      
     ",ie,10019
111 Murray St #10WEST,2018,New York,ie,ie,"       $6,300,000
      
     ",ie,10007
155 W 70th St #7G,1989,New York,594 sqft,ie," Contact For Estimate
 ",1 bath,10023
2101 Frederick Douglass Blvd #6D,2008,New York,1 bath,ie," Contact For Estimate
 ",1 bed,10026
420 W 25th St #1F,1912,New York,3 baths,ie," Contact For Estimate
 ",2 beds,10001
40 Broad St #14B,1982,New York,1.5 baths,ie," Contact For Estimate
 ",1 bed,10004
178 E 80th St #8D,1973,New York,1 bath,ie," Contact For Estimate
 ",1 bed,10075
250 W 11th St,1899,New York,3.5 baths,ie," Contact For Estimate
 ",4 beds,10014
9-11 Mercer St #5B,ie,New York,Condo,ie," Contact For Estimate
 ","1,452 sqft",10013
420 E 86th St #4A,1935,New York,2 baths,ie," Contact For Estimate
 ",2 beds,10028
350 W 42nd St #34F,2007,New York,1 bath,ie," Contact For Estimate
 ",1 bed,10036
372 Central Park W #20L,1961,New York,1 bath,ie," Contact For Estimate
 ",1 bed,10025
123 W 132nd St,1910,New York,4 baths,ie," Contact For Estimate
 ",7 beds,10027
331 E 82nd St,ie,New York,400 sqft,ie," Contact For Estimate
 ",1 bath,10028
200 Riverside Blvd #15M,1997,New York,2 baths,ie," Contact For Estimate
 ",2 beds,10069
201 E 21st St #8D,1962,New York,1 bath,ie," Contact For Estimate
 ",1 bed,10010
380 Rector Pl #17A,1987,New York,ie,ie,"       $1,395,000
      
     ",ie,10280
161 W 61st St #22H,1988,New York,2 baths,ie," Contact For Estimate
 ",1 bed,10023
165 W 80th St,ie,New York,1 bath,ie," Contact For Estimate
 ",1 bed,10024
353 W 22nd St,1901,New York,4 baths,ie," Contact For Estimate
 ",6 beds,10011
181 Hudson St #6D,1962,New York,3 baths,ie," Contact For Estimate
 ",2 beds,10013
1 Irving Pl #U19D,1988,New York,1 bath,ie," Contact For Estimate
 ",1 bed,10003
35 W 92nd St #1F,1931,New York,ie,ie,"       $649,000
      
     ",ie,10025
405 E 63rd St #5L,1957,New York,1 bath,ie," Contact For Estimate
 ",1 bed,10065
467 W 163rd St #2,2006,New York,2 baths,ie," Contact For Estimate
 ",2 beds,10032
333 Rector Pl #706,1985,New York,3 baths,ie," Contact For Estimate
 ",3 beds,10280
5 E 22nd St #29B,1983,New York,1 bath,ie," Contact For Estimate
 ",1 bed,10010
201 W 72nd St #14D,1990,New York,2 baths,ie," Contact For Estimate
 ",2 beds,10023
432 Park Ave #87B,2015,New York,ie,ie,"       $40,500,000
      
     ",ie,10022
210 E 47th St #4G,ie,New York,400 sqft,ie," Contact For Estimate
 ",1 bath,10017
331 E 50th St,ie,New York,1 bath,ie," Contact For Estimate
 ",1 bed,10022
250 S End Ave #7F,1985,New York,507 sqft,ie," Contact For Estimate
 ",1 bath,10280
246 W 17th St #4A,1926,New York,3 baths,ie," Contact For Estimate
 ",3 beds,10011
159 W 53rd St #33D,1968,New York,1 bath,ie," Contact For Estimate
 ",1 bed,10019
330 E 33rd St #14F,1962,New York,500 sqft,ie," Contact For Estimate
 ",1 bath,10016
242 W 136th St,1910,New York,5 baths,ie," Contact For Estimate
 ",5 beds,10030
200 E 32nd St #20C,1990,New York,2 baths,ie," Contact For Estimate
 ",2 beds,10016
252 7th Ave #7C,1910,New York,1 bath,ie," Contact For Estimate
 ",1 bed,10001
250 E 49th St #25PHC,2006,New York,Condo,ie," Contact For Estimate
 ",490 sqft,10017
200 Riverside Blvd #24E,1997,New York,2 baths,ie," Contact For Estimate
 ",2 beds,10069
415 Greenwich St #8D,1913,New York,3 baths,ie," Contact For Estimate
 ",2 beds,10013
1619 3rd Ave #16H,1972,New York,2 baths,ie," Contact For Estimate
 ",2 beds,10128
101 Leonard St #4D,ie,Manhattan,2 baths,ie," Contact For Estimate
 ",2 beds,10013
480 Central Park W #5A,1900,New York,ie,ie,"       $699,000
      
     ",ie,10025
99 John St #1021,2003,New York,1.5 baths,ie," Contact For Estimate
 ",2 beds,10038
571 Academy St #5F,ie,New York,Condo,ie," Contact For Estimate
 ","1,082 sqft",10034
50 E 72nd St #2A,1928,New York,2 baths,ie," Contact For Estimate
 ",2 beds,10021
75 Wall St #33F,ie,Manhattan,2 baths,ie," Contact For Estimate
 ",2 beds,10005
343 E 30th St #17B,1962,New York,1 bath,ie," Contact For Estimate
 ",1 bed,10016
105 Bennett Ave #53A,1939,New York,1 bath,ie," Contact For Estimate
 ",2 beds,10033
301 W 53rd St #19B,ie,Manhattan,1 bath,ie," Contact For Estimate
 ",2 beds,10019
350 E 54th St #2D,ie,Manhattan,1 bath,ie," Contact For Estimate
 ",1 bed,10022
347 W 57th St #17C,1982,New York,2 baths,ie," Contact For Estimate
 ",2 beds,10019
347 W 4th St,1927,New York,6 baths,ie," Contact For Estimate
 ",4 beds,10014
30 W 63rd St #16J,1979,New York,2 baths,ie," Contact For Estimate
 ",2 beds,10023
210 E 47th St #3,ie,New York,1 bath,ie," Contact For Estimate
 ",1 bed,10017
439 E 88th St #4C,1915,New York,1 bath,ie," Contact For Estimate
 ",2 beds,10128
322 W 57th St #17S,1978,New York,2 baths,ie," Contact For Estimate
 ",2 beds,10019
416 W 52nd St #419,ie,New York,1 bath,ie," Contact For Estimate
 ",1 bed,10019
317 W 89th St #4E,1920,New York,3 baths,ie," Contact For Estimate
 ",4 beds,10024
15 William St #45L,2008,New York,3 baths,ie," Contact For Estimate
 ",3 beds,10005
157 E 32nd St #22B,1988,New York,2 baths,ie," Contact For Estimate
 ",2 beds,10016
416 W 52nd St #603,ie,New York,479 sqft,ie," Contact For Estimate
 ",1 bath,10019
1235 Park Ave #3C,1928,New York,3 baths,ie," Contact For Estimate
 ",3 beds,10128
301 W 110th St #17H,1988,New York,2 baths,ie," Contact For Estimate
 ",2 beds,10026
295 Bennett Ave #6D,ie,New York,1 bath,ie," Contact For Estimate
 ",1 bed,10040
190 Riverside Dr #10C,1911,New York,2 baths,ie," Contact For Estimate
 ",3 beds,10024
1619 3rd Ave #13F,ie,New York,2 baths,ie," Contact For Estimate
 ",2 beds,10128
7 E 9th St #4,1900,New York,2 baths,ie," Contact For Estimate
 ",2 beds,10003
15 Broad St #3710,1914,New York,2 baths,ie," Contact For Estimate
 ",2 beds,10005
55 Wall St #722,1836,New York,ie,ie,"       $620,000
      
     ",ie,10005
45 Park Ave #903,ie,Manhattan,2.5 baths,ie," Contact For Estimate
 ",2 beds,10016
247 W 46th St #3203,2007,New York,2.5 baths,ie," Contact For Estimate
 ",2 beds,10036
200 E 62nd St #14E,1967,New York,2.5 baths,ie," Contact For Estimate
 ",2 beds,10065
301 W 57th St #22D,ie,Manhattan,2 baths,ie," Contact For Estimate
 ",2 beds,10019
345 W 13th St #4F,1890,New York,2 baths,ie," Contact For Estimate
 ",3 beds,10014
301 W 57th St #7D,1987,New York,2 baths,ie," Contact For Estimate
 ",2 beds,10019
1600 Broadway #8D,2005,New York,1 bath,ie," Contact For Estimate
 ",1 bed,10019
845 United Nations Plz #44E,2001,New York,2 baths,ie," Contact For Estimate
 ",2 beds,10017
301 W 53rd St #13J,1979,New York,1 bath,ie," Contact For Estimate
 ",1 bed,10019
690 Riverside Dr #5D,1920,New York,1 bath,ie," Contact For Estimate
 ",2 beds,10031
105 Bennett Ave #66B,1939,New York,2 baths,ie," Contact For Estimate
 ",2 beds,10033
247 W 46th St #3903,2007,New York,2 baths,ie," Contact For Estimate
 ",2 beds,10036
1760 2nd Ave #29B,ie,New York,2 baths,ie," Contact For Estimate
 ",2 beds,10128
205 E 31st St,1901,New York,3.5 baths,ie," Contact For Estimate
 ",4 beds,10016
201 E 80th St #12G,1926,Manhattan,3 baths,ie," Contact For Estimate
 ",3 beds,10075
160 W 66th St #35E,1990,New York,1.5 baths,ie," Contact For Estimate
 ",1 bed,10023
340 E 23rd St #2D,ie,New York,2 baths,ie," Contact For Estimate
 ",2 beds,10010
301 W 110th St #1P,1988,New York,1 bath,ie," Contact For Estimate
 ",1 bed,10026
33 Henry St,ie,New York,1 bath,ie," Contact For Estimate
 ",2 beds,10002
521 Park Ave #11A,1912,New York,1.5 baths,ie," Contact For Estimate
 ",1 bed,10065
165 W 95th St #2N,1900,New York,1 bath,ie," Contact For Estimate
 ",1 bed,10025
462 W 25th St,ie,Manhattan,4.5 baths,ie," Contact For Estimate
 ",4 beds,10001
111 Fulton St #621,ie,Manhattan,580 sqft,ie," Contact For Estimate
 ",1 bath,10038
1 Wall Street Ct #803,1904,New York,366 sqft,ie," Contact For Estimate
 ",1 bath,10005
211 W 71st St #4C,1986,New York,ie,ie,"       $999,000
      
     ",ie,10023
188 E 76th St #4B,1996,New York,2 baths,ie," Contact For Estimate
 ",2 beds,10021
247 W 46th St #2503,2007,New York,2.5 baths,ie," Contact For Estimate
 ",2 beds,10036
159 W 53rd St #11D,1968,New York,1 bath,ie," Contact For Estimate
 ",1 bed,10019
333 W 56th St #8M,1904,New York,1 bath,ie," Contact For Estimate
 ",1 bed,10019
524 E 72nd St #22A,ie,Manhattan,1 bath,ie," Contact For Estimate
 ",1 bed,10021
166 E 63rd St #3H,1959,New York,528 sqft,ie," Contact For Estimate
 ",1 bath,10065
217 W 19th St #10-221,2002,New York,3 baths,ie," Contact For Estimate
 ",3 beds,10011
2250 Broadway #4E,1987,New York,1 bath,ie," Contact For Estimate
 ",1 bed,10024
146 W 57th St #39B,1986,New York,2 baths,ie," Contact For Estimate
 ",1 bed,10019
23 W 116th St #7H,2014,New York,1 bath,ie," Contact For Estimate
 ",1 bed,10026
340 E 23rd St #10E,2007,New York,2 baths,ie," Contact For Estimate
 ",2 beds,10010
425 5th Ave #33D,2003,New York,2 baths,ie," Contact For Estimate
 ",2 beds,10016
333 Rector Pl #1509,1985,New York,2 baths,ie," Contact For Estimate
 ",2 beds,10280
400 E 67th St #29B,2005,New York,3.5 baths,ie," Contact For Estimate
 ",3 beds,10065
345 E 33rd St,ie,Manhattan,1 bath,ie," Contact For Estimate
 ",2 beds,10016
22 E 82nd St #3,1900,New York,2 baths,ie," Contact For Estimate
 ",1 bed,10028
1 Sheridan Sq #3C,1920,New York,466 sqft,ie," Contact For Estimate
 ",1 bath,10014
300 E 64th St #11C,ie,New York,2 baths,ie," Contact For Estimate
 ",1 bed,10065
157 E 32nd St #7D,1988,New York,1 bath,ie," Contact For Estimate
 ",1 bed,10016
245 7th Ave #7C,1911,New York,1.5 baths,ie," Contact For Estimate
 ",1 bed,10001
181 E 90th St #26A,2004,New York,3 baths,ie," Contact For Estimate
 ",3 beds,10128
200 E 24th St #1809,1972,New York,1 bath,ie," Contact For Estimate
 ",1 bed,10010
200 E 66th St #E2006,ie,New York,1.5 baths,ie," Contact For Estimate
 ",1 bed,10065
407 W 50th St,ie,New York,1 bath,ie," Contact For Estimate
 ",1 bed,10019
510 W 110th St #12D,1909,New York,1 bath,ie," Contact For Estimate
 ",1 bed,10025
15 Broad St #2320,1914,New York,2 baths,ie," Contact For Estimate
 ",2 beds,10005
245 E 93rd St #26C,1986,New York,1.5 baths,ie," Contact For Estimate
 ",2 beds,10128
252 W 17th St #6A,ie,Manhattan,2 baths,ie," Contact For Estimate
 ",2 beds,10011
58 W 129th St #2C,ie,Manhattan,480 sqft,ie," Contact For Estimate
 ",1 bath,10027
177 Winham Ave,1970,Staten Island,2 baths,ie," Contact For Estimate
 ",3 beds,10306
100 Colfax Ave #6H,ie,Staten Island,1 bath,ie," Contact For Estimate
 ",2 beds,10306
71 Graves St,1999,Staten Island,3 baths,ie," Contact For Estimate
 ",3 beds,10314
14 Meadow Ct,1984,Staten Island,1.5 baths,ie," Contact For Estimate
 ",3 beds,10309
159 Taylor St,1899,Staten Island,Single-Family Home,ie," Contact For Estimate
 ","2,735 sqft",10310
25 Hatfield Pl,1905,Staten Island,2 baths,ie," Contact For Estimate
 ",4 beds,10302
187 Colon Ave,ie,Staten Island,2.5 baths,ie," Contact For Estimate
 ",3 beds,10308
10 Wayne St,1990,Staten Island,1 bath,ie," Contact For Estimate
 ",3 beds,10310
349 Yetman Ave,1915,Staten Island,2 baths,ie," Contact For Estimate
 ",3 beds,10307
46 Talarico Ct,2005,Staten Island,4 baths,ie," Contact For Estimate
 ",3 beds,10314
77 Fraser St,1970,Staten Island,4 baths,ie," Contact For Estimate
 ",6 beds,10314
229 Pond Way #A,1988,Staten Island,Condo,ie," Contact For Estimate
 ",730 sqft,10303
85 Elmwood Park Dr #23,1986,Staten Island,1 bath,ie," Contact For Estimate
 ",1 bed,10314
181 Muller Ave,2016,Staten Island,4 baths,ie," Contact For Estimate
 ",3 beds,10314
100 Colfax Ave #4F,1961,Staten Island,Condo,"Jun 15, 2018","265,000",871 sqft,10306
16 Bentley Ln,1999,Staten Island,Multi-Family,"Jun 15, 2018","555,000","1,350 sqft",10307
1288 Bay St,ie,Staten Island,3 baths,ie," Contact For Estimate
 ",4 beds,10305
26 Hillwood Ct,1979,Staten Island,Condo,"Jun 15, 2018","44,580,000",648 sqft,10305
36 McVeigh Ave,1980,Staten Island,Multi-Family,"Jun 15, 2018","670,000","2,280 sqft",10314
168 Roosevelt Ave,1975,Staten Island,Unknown,"Jun 15, 2018","480,000","1,420 sqft",10314
234 Hart Ave,1931,Staten Island,Single-Family Home,"Jun 15, 2018","610,000","1,034 sqft",10310
307 Arden Ave,1940,Staten Island,ie,ie,"       $574,900
      
     ",ie,10312
27 Piave Ave,1999,Staten Island,Multi-Family,"Jun 15, 2018","625,000","1,600 sqft",10305
729 Correll Ave,1992,Staten Island,Single-Family Home,"Jun 15, 2018","425,000","1,900 sqft",10309
1604 Woodrow Rd,2005,Staten Island,Single-Family Home,"Jun 15, 2018","595,000","2,070 sqft",10309
1306 Rockland Ave #1A,1973,Staten Island,Condo,"Jun 15, 2018","261,820",791 sqft,10314
60 Kenmore St,1975,Staten Island,Single-Family Home,"Jun 15, 2018","600,000","1,536 sqft",10312
66 Sheraden Ave,1960,Staten Island,Unknown,"Jun 15, 2018","525,000","1,050 sqft",10314
42 Marne Ave,1990,Staten Island,Single-Family Home,"Jun 15, 2018","720,000","1,912 sqft",10312
209 Dover Grn,1975,Staten Island,Single-Family Home,"Jun 15, 2018","508,000","1,516 sqft",10312
295 Van Name Ave,1960,Staten Island,Single-Family Home,ie,"397,252
 ","1,196 sqft",10303
24 Kyle Ct,1975,Staten Island,Single-Family Home,"Jun 15, 2018","437,000","1,392 sqft",10312
124 Kensico St,1970,Staten Island,Single-Family Home,"Jun 15, 2018","750,000","2,088 sqft",10306
440 Ashland Ave,1965,Staten Island,Single-Family Home,"Jun 15, 2018","525,000","1,144 sqft",10309
122 Johnson Ave,1901,Staten Island,Single-Family Home,"Jun 15, 2018","520,000","1,000 sqft",10307
55 Austin Pl #5V,1962,Staten Island,Condo,"Jun 17, 2018","160,000",453 sqft,10304
12 Watkins Ave,1976,Staten Island,Single-Family Home,"Jun 18, 2018","457,821","1,632 sqft",10312
468 Barlow Ave,1970,Staten Island,Unknown,"Jun 13, 2018","530,000","1,428 sqft",10308
441 Maryland Ave,1988,Staten Island,Single-Family Home,"Jun 13, 2018","470,000","1,060 sqft",10305
610 Bement Ave,1930,Staten Island,Single-Family Home,"Jun 13, 2018","775,000","1,676 sqft",10310
34 Challenger Dr,1989,Staten Island,Single-Family Home,"Jun 13, 2018","390,000","1,480 sqft",10312
278 Ashworth Ave #236,1986,Staten Island,Condo,"Jun 13, 2018","505,000","1,233 sqft",10314
267 Candon Ave,1991,Staten Island,Single-Family Home,"Jun 13, 2018","438,888","1,600 sqft",10309
46 Kirshon Ave,1975,Staten Island,Unknown,"Jun 13, 2018","480,000","1,248 sqft",10314
99 Northern Blvd,1965,Staten Island,Single-Family Home,ie,"885,495
 ","2,036 sqft",10301
596 Rathbun Ave,1955,Staten Island,Single-Family Home,"Jun 13, 2018","530,000","1,130 sqft",10312
297 Lamberts Ln,1986,Staten Island,Single-Family Home,"Jun 14, 2018","425,000","1,150 sqft",10314
24 Simonson Ave,1915,Staten Island,Single-Family Home,"Jun 14, 2018","359,000","1,428 sqft",10303
28 Openview Ln,ie,Staten Island,ie,"Jun 14, 2018","560,037",Lot/Land,10302
24 Oakville St,1982,Staten Island,Single-Family Home,"Jun 14, 2018","460,000","1,420 sqft",10314
74 Eltinge St,1930,Staten Island,Multi-Family,"Jun 14, 2018","880,000","3,084 sqft",10304
203 Sinclair Ave,1945,Staten Island,Single-Family Home,"Jun 14, 2018","529,000","1,128 sqft",10312
80 Van Name Ave,2005,Staten Island,Single-Family Home,"Jun 14, 2018","500,000","1,120 sqft",10303
90 Bay Street Lndg #8A,1900,Staten Island,Condo,"Jun 14, 2018","1,350,000","1,665 sqft",10301
112 West Ter,1970,Staten Island,Single-Family Home,"Jun 14, 2018","643,000","1,848 sqft",10312
402 Guyon Ave,1920,Staten Island,Single-Family Home,ie,"1,570,558
 ","2,146 sqft",10306
1021 Sheldon Ave,1999,Staten Island,Single-Family Home,"Jun 14, 2018","595,000","1,650 sqft",10309
185 Mason Blvd,2006,Staten Island,Multi-Family,"Jun 14, 2018","880,000","3,346 sqft",10309
75 Harbor Rd,2007,Staten Island,Multi-Family,"Jun 15, 2018","608,000","2,134 sqft",10303
603 Ilyssa Way,1996,Staten Island,Single-Family Home,"Jun 15, 2018","240,000",929 sqft,10312
40 Country Dr N #22,1990,Staten Island,Condo,"Jun 15, 2018","399,000","1,145 sqft",10314
42 Adrianne Ln,1992,Staten Island,Single-Family Home,"Jun 15, 2018","309,270","1,159 sqft",10303
569 Buchanan Ave #A,1991,Staten Island,Condo,"Jun 15, 2018","298,000",902 sqft,10314
20 Union Ave,2002,Staten Island,Single-Family Home,"Jun 15, 2018","360,000","1,150 sqft",10303
51 Cranford St,1975,Staten Island,Single-Family Home,"Jun 15, 2018","509,900","1,176 sqft",10308
511 Falcon Ave,1945,Staten Island,Unknown,"Jun 15, 2018","540,000","2,080 sqft",10306
127 Mosel Ave,2005,Staten Island,Single-Family Home,"Jun 12, 2018","365,000","1,050 sqft",10304
41 Walcott Ave,1980,Staten Island,Single-Family Home,ie,"1,431,368
 ","3,600 sqft",10314
36 Albion Pl,1955,Staten Island,Single-Family Home,"Jun 12, 2018","429,000","1,288 sqft",10302
81 Pilot Ln,2009,Staten Island,Single-Family Home,"Jun 12, 2018","769,999","2,365 sqft",10309
137 Fingerboard Rd,1915,Staten Island,Single-Family Home,"Jun 12, 2018","493,000","1,820 sqft",10305
20 Simon Ct,2001,Staten Island,Multi-Family,"Jun 12, 2018","925,000","3,168 sqft",10307
26 Eva Ave,1965,Staten Island,Single-Family Home,"Jun 12, 2018","628,000","1,873 sqft",10306
25 Fieldstone Rd,1970,Staten Island,Single-Family Home,"Jun 12, 2018","675,000","1,788 sqft",10314
104 Arnold St,1998,Staten Island,Single-Family Home,ie,"456,128
 ","1,800 sqft",10301
288 Ada Dr,1983,Staten Island,Multi-Family,ie,"525,936
 ","1,960 sqft",10314
111 Raymond Pl,1998,Staten Island,Single-Family Home,"Jun 12, 2018","477,000","1,080 sqft",10310
182 Windsor Rd,2007,Staten Island,Single-Family Home,"Jun 12, 2018","795,000","3,808 sqft",10314
254 Alter Ave,1993,Staten Island,Single-Family Home,"Jun 12, 2018","633,500","1,200 sqft",10305
121 Roff St,1965,Staten Island,Single-Family Home,"Jun 12, 2018","329,000","1,152 sqft",10304
247 Nugent St,2009,Staten Island,Single-Family Home,"Jun 12, 2018","1,600,000","3,472 sqft",10306
102 Plattsburg St,1955,Staten Island,Multi-Family,"Jun 12, 2018","332,667","1,824 sqft",10304
36 Amy Ct,1981,Staten Island,Condo,"Jun 12, 2018","465,000","1,793 sqft",10314
224 Dutchess Ave,1950,Staten Island,Single-Family Home,"Jun 12, 2018","1,125,000","1,008 sqft",10304
105 Gary St,2002,Staten Island,Single-Family Home,"Jun 12, 2018","588,000","1,536 sqft",10312
48 Quinn St,1901,Staten Island,Single-Family Home,"Jun 13, 2018","515,000","1,796 sqft",10304
35 Milbank Rd,1930,Staten Island,Income/Investment,"Jun 13, 2018","230,000",420 sqft,10306
2104 Forest Ave,1910,Staten Island,Multi-Family,ie," Contact For Estimate
 ","2,348 sqft",10303
66 Fahy Ave,1998,Staten Island,Single-Family Home,"Jun 13, 2018","582,000","1,720 sqft",10314
45 Saturn Ln #A,1990,Staten Island,Condo,"Jun 13, 2018","355,000",963 sqft,10314
19 Soren St,ie,Staten Island,ie,"Jun 13, 2018","945,954",Multi-Family,10314
24 Sweetgum Ln,2014,Staten Island,Single-Family Home,"Jun 13, 2018","635,000","1,925 sqft",10314
34 Mason Blvd,1986,Staten Island,Multi-Family,"Jun 13, 2018","810,000","2,832 sqft",10309
141 Bath Ave,1950,Staten Island,Multi-Family,"Jun 13, 2018","999,000","2,896 sqft",10305
111 Hamden Ave,1925,Staten Island,Multi-Family,"Jun 13, 2018","754,000","2,712 sqft",10306
12 Admiralty Loop,1995,Staten Island,Single-Family Home,"Jun 8, 2018","540,000","2,112 sqft",10309
45 Callan Ave,1978,Staten Island,Single-Family Home,"Jun 8, 2018","1,350,000","4,176 sqft",10304
26 Laredo Ave,1970,Staten Island,Multi-Family,"Jun 8, 2018","755,000","2,196 sqft",10312
284 Sprague Ave,1997,Staten Island,Single-Family Home,"Jun 8, 2018","379,000","1,500 sqft",10307
Chester Pl,ie,Staten Island,ie,ie," Contact For Estimate
 ",Lot/Land,10304
407 Doane Ave,1970,Staten Island,Unknown,"Jun 8, 2018","499,000","1,080 sqft",10308
15 Van Tuyl St,1930,Staten Island,Single-Family Home,"Jun 8, 2018","550,000","1,132 sqft",10301
370 Albourne Ave,1985,Staten Island,Multi-Family,"Jun 8, 2018","1,113,000","4,248 sqft",10309
405 Jewett Ave,1930,Staten Island,Single-Family Home,"Jun 8, 2018","510,000","1,304 sqft",10302
35 Fenway Cir,1970,Staten Island,Multi-Family,"Jun 8, 2018","750,000","2,184 sqft",10308
162 Steuben St,1988,Staten Island,Unknown,"Jun 8, 2018","350,000","1,528 sqft",10304
86 Macon Ave,1988,Staten Island,Single-Family Home,"Jun 8, 2018","272,500",816 sqft,10312
297 Monahan Ave,1980,Staten Island,Single-Family Home,"Jun 8, 2018","637,500","1,452 sqft",10314
99 Park Ave,1930,Staten Island,Multi-Family,"Jun 8, 2018","406,134","2,635 sqft",10302
169 Giffords Ln,1935,Staten Island,Single-Family Home,"Jun 8, 2018","544,000",896 sqft,10308
23 Ferguson Ct,2000,Staten Island,Multi-Family,"Jun 8, 2018","720,000","2,650 sqft",10307
28 Signs Rd,1970,Staten Island,Multi-Family,"Jun 8, 2018","799,999","2,446 sqft",10314
45 Harbor Rd,1920,Staten Island,Unknown,"Jun 11, 2018","250,000","1,069 sqft",10303
319 Yetman Ave,1899,Staten Island,Single-Family Home,"Jun 11, 2018","635,000","2,700 sqft",10307
5 Ibsen Ave,1980,Staten Island,Unknown,"Jun 11, 2018","525,000","1,512 sqft",10312
154 Park Ave,1920,Staten Island,Multi-Family,"Jun 11, 2018","360,000","2,272 sqft",10302
120 Seneca St,2008,Staten Island,Multi-Family,"Jun 11, 2018","565,000","1,487 sqft",10310
64 Ionia Ave,1970,Staten Island,Multi-Family,"Jun 11, 2018","770,000","2,414 sqft",10312
550 Bard Ave,1940,Staten Island,Single-Family Home,"Jun 11, 2018","775,000","1,912 sqft",10310
22 Villanova St,1987,Staten Island,Single-Family Home,"Jun 11, 2018","600,000","1,302 sqft",10314
181 Maryland Ave,1910,Staten Island,Multi-Family,ie,"628,319
 ","1,656 sqft",10305
185 Pacific Ave,1950,Staten Island,Single-Family Home,"Jun 11, 2018","555,000",960 sqft,10312
114 Sunset Ave,1970,Staten Island,Single-Family Home,"Jun 6, 2018","510,000","1,152 sqft",10314
393 Heberton Ave,1930,Staten Island,Multi-Family,"Jun 6, 2018","310,000","1,680 sqft",10302
28 East Broadway,1960,Staten Island,Single-Family Home,"Jun 7, 2018","590,000","1,800 sqft",10306
169 Van Buren St,1935,Staten Island,Multi-Family,"Jun 7, 2018","520,000","2,526 sqft",10301
297 Broad St,1920,Staten Island,Single-Family Home,"Jun 7, 2018","190,000","1,440 sqft",10304
55 Ironwood St,1984,Staten Island,Single-Family Home,"Jun 7, 2018","475,000","1,440 sqft",10308
100 Benjamin Dr,1988,Staten Island,Single-Family Home,"Jun 7, 2018","359,000","1,324 sqft",10303
29 Gadsen Pl #2C,1974,Staten Island,Condo,"Jun 7, 2018","235,248",640 sqft,10314
262 Glen Ave,1990,Staten Island,Single-Family Home,"Jun 7, 2018","375,000","1,596 sqft",10301
94 Sweetgum Ln,2013,Staten Island,Single-Family Home,"Jun 7, 2018","634,900","1,550 sqft",10314
543 Manor Rd,1940,Staten Island,Multi-Family,"Jun 7, 2018","470,000","1,824 sqft",10314
96 Debbie St,1990,Staten Island,Condo,"Jun 7, 2018","450,000","2,000 sqft",10314
321 Colony Ave,2004,Staten Island,Single-Family Home,"Jun 7, 2018","538,000","1,660 sqft",10306
224 Jefferson Ave,1960,Staten Island,Single-Family Home,"Jun 7, 2018","690,000","1,596 sqft",10306
116 Smith Pl,1930,Staten Island,Multi-Family,"Jun 7, 2018","630,000","3,144 sqft",10302
33 Trumbull Pl,2004,Staten Island,Multi-Family,"Jun 7, 2018","264,000","1,763 sqft",10301
15 Radcliff Rd,1970,Staten Island,Single-Family Home,"Jun 7, 2018","400,000","2,184 sqft",10305
7 Keating Pl,2001,Staten Island,Single-Family Home,"Jun 7, 2018","570,000","1,600 sqft",10314
1043 Rensselaer Ave,1998,Staten Island,Single-Family Home,"Jun 7, 2018","610,000","1,680 sqft",10309
492 Vanderbilt Ave,1945,Staten Island,Multi-Family,"Jun 7, 2018","220,393","1,297 sqft",10304
186 Moreland St,2006,Staten Island,Single-Family Home,ie," Contact For Estimate
 ","1,902 sqft",10306
18 Purcell St,1920,Staten Island,Single-Family Home,"Jun 7, 2018","639,000","1,088 sqft",10310
41 Wellington Ct #1D,1987,Staten Island,Condo,"Jun 7, 2018","355,000","1,082 sqft",10314
778 Nugent Ave,1993,Staten Island,Multi-Family,"Jun 8, 2018","655,000","1,500 sqft",10306
399 Richmond Hill Rd,1978,Staten Island,Multi-Family,"Jun 8, 2018","755,000","2,048 sqft",10314
133 Anthony St,2002,Staten Island,Multi-Family,"Jun 8, 2018","718,900","2,000 sqft",10309
46 Doreen Dr,1988,Staten Island,Single-Family Home,"Jun 8, 2018","439,000","1,324 sqft",10303
105 Loring Ave,1978,Staten Island,Single-Family Home,"Jun 8, 2018","569,000","1,600 sqft",10312
16 Canterbury Ave,1945,Staten Island,Single-Family Home,"Jun 8, 2018","430,950","1,020 sqft",10314
118 Evergreen St,1980,Staten Island,Multi-Family,"Jun 6, 2018","697,500","2,406 sqft",10308
229 Simonson Ave,1899,Staten Island,Single-Family Home,"Jun 6, 2018","550,000","1,560 sqft",10303
90 Vreeland St,1920,Staten Island,Multi-Family,"Jun 6, 2018","470,000","4,368 sqft",10302
305 Osgood Ave,ie,Staten Island,ie,"Jun 6, 2018","875,695",Multi-Family,10304
52 Perona Ln,2006,Staten Island,Multi-Family,"Jun 6, 2018","675,000","2,290 sqft",10308
44 Comfort Ct,2002,Staten Island,Single-Family Home,"Jun 6, 2018","765,000","1,720 sqft",10312
7 Revere Ln #A,1989,Staten Island,Multi-Family,"Jun 6, 2018","395,000",864 sqft,10306
23 Parish Ave,2005,Staten Island,Multi-Family,"Jun 6, 2018","550,000","1,255 sqft",10314
97 Morrison Ave,1993,Staten Island,Single-Family Home,"Jun 6, 2018","465,000","1,064 sqft",10310
16 Doe Pl,1901,Staten Island,Single-Family Home,"Jun 6, 2018","365,000",864 sqft,10310
312 Doane Ave,1980,Staten Island,Multi-Family,"Jun 6, 2018","860,000","2,296 sqft",10308
182 Manhattan St,1910,Staten Island,Single-Family Home,"Jun 6, 2018","540,000",788 sqft,10307
385 Lamoka Ave,1975,Staten Island,Single-Family Home,"Jun 6, 2018","630,000","1,804 sqft",10312
93 Renee Pl,1975,Staten Island,Unknown,"Jun 6, 2018","370,000","1,600 sqft",10314
25 Parkview Loop,1980,Staten Island,Condo,"Jun 6, 2018","485,000","1,480 sqft",10314
29 Dorothy St,1965,Staten Island,Single-Family Home,"Jun 6, 2018","610,000","1,440 sqft",10314
870 Richmond Rd,1940,Staten Island,Single-Family Home,"Jun 6, 2018","560,000",960 sqft,10304
590 Delafield Ave,ie,Staten Island,ie,"Jun 6, 2018","850,238",Lot/Land,10310
69 Innis St,1935,Staten Island,Multi-Family,"Jun 6, 2018","330,000","1,425 sqft",10302
495 Annadale Rd,1965,Staten Island,Single-Family Home,ie,"430,939
 ","1,236 sqft",10312
568 Yetman Ave,1992,Staten Island,Multi-Family,"Jun 6, 2018","805,000","1,824 sqft",10307
46 Farrell Ct,1995,Staten Island,Single-Family Home,"Jun 6, 2018","590,000","1,050 sqft",10306
350 Windham Loop,1978,Staten Island,Condo,"Jun 6, 2018","415,000","1,436 sqft",10314
353 Sleight Ave,1920,Staten Island,Single-Family Home,"Jun 6, 2018","1,150,000","2,301 sqft",10307
393 Hawthorne Ave,1980,Staten Island,Condo,"Jun 6, 2018","420,000","1,938 sqft",10314
16 Leyden Ave,1985,Staten Island,Unknown,"Jun 6, 2018","280,000","1,408 sqft",10303
155 Labau Ave #159,2012,Staten Island,Single-Family Home,"Jun 6, 2018","580,000","1,224 sqft",10301
28 Belvedere Ct,ie,Staten Island,ie,"Jun 6, 2018","997,885",Lot/Land,10307
183 Sandalwood Dr,1986,Staten Island,Single-Family Home,"Jun 6, 2018","465,000","1,350 sqft",10308
155 Goodwin Ave,1950,Staten Island,Single-Family Home,"Jun 4, 2018","665,000","1,344 sqft",10314
152 Covington Cir,1999,Staten Island,Single-Family Home,"Jun 4, 2018","877,000","2,600 sqft",10312
455 Midland Ave,1930,Staten Island,Single-Family Home,"Jun 5, 2018","495,000","1,980 sqft",10306
22 Openview Ln,ie,Staten Island,ie,"Jun 5, 2018","550,000",Lot/Land,10302
923 Sheldon Ave,1975,Staten Island,Multi-Family,"Jun 5, 2018","750,000","2,200 sqft",10309
542 Buchanan Ave #B,1992,Staten Island,Condo,"Jun 5, 2018","335,000",902 sqft,10314
147 Locust Ave,1960,Staten Island,Single-Family Home,"Jun 5, 2018","564,000","1,568 sqft",10306
30 Openview Ln,ie,Staten Island,ie,"Jun 5, 2018","539,672",Lot/Land,10302
29 Stanley Ave,ie,Staten Island,ie,"Jun 5, 2018","695,995",Lot/Land,10301
130 Annadale Rd,1975,Staten Island,Unknown,"Jun 5, 2018","453,000","1,332 sqft",10312
383 Brookfield Ave,1975,Staten Island,Multi-Family,"Jun 5, 2018","625,000","1,880 sqft",10308
209 Montreal Ave,1955,Staten Island,Single-Family Home,"Jun 5, 2018","500,000","1,200 sqft",10306
40 Drumgoole Rd E,1970,Staten Island,Single-Family Home,"Jun 5, 2018","545,000","1,680 sqft",10312
284 Sandalwood Dr,1985,Staten Island,Single-Family Home,ie,"260,374
 ","1,592 sqft",10308
71 Coventry Loop,1988,Staten Island,Single-Family Home,"Jun 5, 2018","400,000","1,584 sqft",10312
11 Windham Loop #3DD,1979,Staten Island,Condo,"Jun 5, 2018","267,000",824 sqft,10314
118 Suffolk Ave,1996,Staten Island,Single-Family Home,"Jun 5, 2018","595,000","1,731 sqft",10314
545 Tennyson Dr,1975,Staten Island,Single-Family Home,"Jun 5, 2018","820,000","1,410 sqft",10312
520 Lisk Ave #A,1985,Staten Island,Condo,"Jun 5, 2018","310,000","1,172 sqft",10303
4 Amaron Ln,1988,Staten Island,Single-Family Home,"Jun 5, 2018","900,000","4,800 sqft",10307
227 Robinson Ave,1955,Staten Island,Single-Family Home,"Jun 5, 2018","440,000",888 sqft,10312
93 Taft Ave,1905,Staten Island,Multi-Family,"Jun 5, 2018","285,000","1,540 sqft",10301
277 Green Valley Rd,1980,Staten Island,Single-Family Home,ie,"529,201
 ","1,914 sqft",10312
62 Blythe Pl,1986,Staten Island,Single-Family Home,"Jun 5, 2018","580,000","1,484 sqft",10306
121 Cortelyou Ave #12,1972,Staten Island,Condo,"Jun 5, 2018","212,500",729 sqft,10312
4358 Richmond Ave #4360,1995,Staten Island,Single-Family Home,"Jun 5, 2018","500,000","1,320 sqft",10312
1676 Castleton Ave,1910,Staten Island,Multi-Family,"Jun 5, 2018","427,500","1,896 sqft",10302
122 Evergreen St,1980,Staten Island,Multi-Family,"Jun 5, 2018","650,000","2,406 sqft",10308
75 Signs Rd,1965,Staten Island,Multi-Family,"Jun 1, 2018","1,200","2,254 sqft",10314
72 Mills Ave,1925,Staten Island,Multi-Family,"Jun 1, 2018","610,000","2,226 sqft",10305
211 Pembrook Loop,1992,Staten Island,Single-Family Home,"Jun 1, 2018","436,000","1,672 sqft",10309
129 Alex Cir,2003,Staten Island,Single-Family Home,"Jun 1, 2018","560,000","1,659 sqft",10305
103 Chandler Ave,1955,Staten Island,ie,ie,"       $569,000
      
     ",ie,10314
64 Gervil St,1985,Staten Island,Condo,"Jun 1, 2018","354,000",978 sqft,10309
41 Stafford Ave,1984,Staten Island,Multi-Family,"Jun 4, 2018","710,000","2,784 sqft",10312
8 Woodside Ave,1955,Staten Island,Single-Family Home,"Jun 4, 2018","505,000","2,080 sqft",10304
15 Wolkoff Ln #A,1983,Staten Island,Condo,"Jun 4, 2018","308,000","1,011 sqft",10303
11 W Cedarview Ave,1965,Staten Island,Multi-Family,ie,"658,712
 ","2,184 sqft",10306
31 Marvin Rd,1980,Staten Island,Multi-Family,"Jun 4, 2018","799,900","2,448 sqft",10309
756 Correll Ave,1997,Staten Island,Single-Family Home,"Jun 4, 2018","579,500","1,700 sqft",10309
105 Delmore St,1960,Staten Island,Unknown,"Jun 4, 2018","525,000","1,230 sqft",10314
149 Redwood Loop,1986,Staten Island,Single-Family Home,"Jun 4, 2018","499,000","2,020 sqft",10309
24 Turf Ct,1975,Staten Island,Multi-Family,"Jun 4, 2018","880,000","2,832 sqft",10314
30 Clinton Ave,1920,Staten Island,Single-Family Home,"Jun 4, 2018","397,959","1,680 sqft",10301
35 Clawson St,1925,Staten Island,Single-Family Home,"Jun 4, 2018","561,000",864 sqft,10306
520 Lisk Ave,1985,Staten Island,Condo,"Jun 4, 2018","310,000","1,158 sqft",10303
75 Essex Dr #1B,1988,Staten Island,Condo,"Jun 4, 2018","317,000",853 sqft,10314
56 Jennifer Pl #12B,1998,Staten Island,Condo,"Jun 4, 2018","415,000",950 sqft,10314
95 Stieg Ave,1976,Staten Island,Unknown,"Jun 4, 2018","489,000","1,472 sqft",10308
1003 Manor Rd,1960,Staten Island,Single-Family Home,"Jun 4, 2018","550,000","1,202 sqft",10314
14 Rochelle Pl,1983,Staten Island,Multi-Family,"Jun 4, 2018","760,000","2,104 sqft",10312
148 Freeborn St,1910,Staten Island,Income/Investment,"Jun 4, 2018","100,000",420 sqft,10306
239 Loretto St,1990,Staten Island,Single-Family Home,"Jun 4, 2018","370,000","1,503 sqft",10307
571 Annadale Rd,1920,Staten Island,Single-Family Home,"Jun 4, 2018","510,000","1,638 sqft",10312
85 Elmwood Park Dr #4,1985,Staten Island,Condo,"Jun 4, 2018","235,000",677 sqft,10314
25 Michelle Ln,1993,Staten Island,Single-Family Home,"May 30, 2018","472,000","1,270 sqft",10306
285 Poultney St,1960,Staten Island,Single-Family Home,"May 30, 2018","490,000",960 sqft,10306
370 Neal Dow Ave,1930,Staten Island,Single-Family Home,ie,"429,114
 ","1,300 sqft",10314
148 Hillside Ave,2001,Staten Island,Multi-Family,"May 31, 2018","610,000","1,584 sqft",10304
30 Penn Ave,1960,Staten Island,Multi-Family,"May 31, 2018","760,000","1,836 sqft",10306
453 Stewart Ave,1960,Staten Island,Single-Family Home,"May 31, 2018","500,000","1,000 sqft",10314
65 Liberty Ave,2016,Staten Island,Single-Family Home,"May 31, 2018","455,286","1,200 sqft",10304
18 Housman Ave,ie,Staten Island,ie,"May 31, 2018","697,501",Lot/Land,10303
217 Spring St,ie,Staten Island,ie,ie," Contact For Estimate
 ",Lot/Land,10304
755 Narrows Rd N #813,1987,Staten Island,Condo,"May 31, 2018","230,000",689 sqft,10304
45 Corona Ave,1986,Staten Island,Multi-Family,"May 31, 2018","579,500","2,342 sqft",10306
15 Tiber Pl,1975,Staten Island,Single-Family Home,"May 31, 2018","1,582,500","4,610 sqft",10301
244 Barclay Ave,1975,Staten Island,Single-Family Home,"May 31, 2018","882,500","2,100 sqft",10312
93 Harrison Ave,1899,Staten Island,Single-Family Home,"May 31, 2018","540,000","2,994 sqft",10302
19 Mercury Ln,1987,Staten Island,Single-Family Home,"May 31, 2018","425,000","1,500 sqft",10314
217 Spring St,1950,Staten Island,Single-Family Home,"May 31, 2018","609,900","1,368 sqft",10304
86 Pelican Cir,1997,Staten Island,Multi-Family,"Jun 1, 2018","608,000","2,275 sqft",10306
58 Timber Ridge Dr,1981,Staten Island,Condo,"Jun 1, 2018","325,000",946 sqft,10306
254 Simonson Ave,1945,Staten Island,Single-Family Home,"Jun 1, 2018","551,789",891 sqft,10303
Graham Blvd,ie,Staten Island,ie,ie," Contact For Estimate
 ",Lot/Land,10305
283 Jewett Ave,2002,Staten Island,Single-Family Home,"Jun 1, 2018","395,000","1,200 sqft",10302
216 Perry Ave,1965,Staten Island,Multi-Family,"Jun 1, 2018","475,000","1,050 sqft",10314
67 Longdale St,1977,Staten Island,Unknown,"Jun 1, 2018","610,000","1,344 sqft",10314
78 Sandywood Ln,1994,Staten Island,Single-Family Home,"Jun 1, 2018","324,000","1,900 sqft",10309
797 Sheldon Ave,1970,Staten Island,Single-Family Home,"Jun 1, 2018","680,000","2,307 sqft",10309
Dongan Hills Ave,ie,Staten Island,ie,ie," Contact For Estimate
 ",Lot/Land,10305
48 Vassar St,1970,Staten Island,Single-Family Home,"Jun 1, 2018","580,000","1,760 sqft",10314
353 Cleveland Ave,1994,Staten Island,Single-Family Home,"Jun 1, 2018","600,000","1,548 sqft",10308
210 Maple Pkwy #41,2004,Staten Island,Condo,ie," Contact For Estimate
 ",521 sqft,10303
32 Egbert Pl,ie,Staten Island,ie,"May 24, 2018","631,315",Lot/Land,10305
10 Cletus St,1965,Staten Island,Unknown,"May 24, 2018","529,000",936 sqft,10305
25 Kramer Pl,1987,Staten Island,Unknown,"May 24, 2018","377,715","1,376 sqft",10302
153 Bedell Ave,1940,Staten Island,Single-Family Home,"May 24, 2018","790,000","2,452 sqft",10307
165 Castleton Ave,1930,Staten Island,Multi-Family,"May 24, 2018","565,000","2,916 sqft",10301
48 Garden St,1999,Staten Island,Single-Family Home,"May 25, 2018","540,000","1,210 sqft",10314
695 Bard Ave,1935,Staten Island,Single-Family Home,"May 25, 2018","559,000","1,748 sqft",10310
182 Oakdale St,1955,Staten Island,Single-Family Home,"May 25, 2018","585,000","1,196 sqft",10308
27 Serena Ct,ie,Staten Island,ie,"May 29, 2018","997,885",Multi-Family,10312
35 Soren St,ie,Staten Island,ie,"May 29, 2018","980,000",Multi-Family,10314
308 S Railroad St,1989,Staten Island,Single-Family Home,"May 29, 2018","684,264","2,812 sqft",10312
45 Burnside Ave,1920,Staten Island,Single-Family Home,"May 29, 2018","524,888","1,240 sqft",10302
62 Devon Loop,1979,Staten Island,Condo,"May 29, 2018","385,000","1,221 sqft",10314
42 Garibaldi Ave,1925,Staten Island,Multi-Family,"May 29, 2018","375,000","1,500 sqft",10306
103 Skyline Dr,1992,Staten Island,Single-Family Home,"May 29, 2018","393,000",936 sqft,10304
137 Lindenwood Rd,1965,Staten Island,Single-Family Home,"May 29, 2018","490,000","1,280 sqft",10308
29 Nicholas Ave,1899,Staten Island,Single-Family Home,"May 29, 2018","315,000","1,464 sqft",10302
51 Belwood Loop,ie,Staten Island,ie,"May 29, 2018","1,323,725",Lot/Land,10307
327 Rudyard St,1960,Staten Island,Single-Family Home,"May 29, 2018","520,000","1,200 sqft",10306
29 Peacock Loop,2002,Staten Island,Single-Family Home,"May 29, 2018","440,000","1,684 sqft",10309
677 Craig Ave,1975,Staten Island,Single-Family Home,"May 29, 2018","550,500","1,802 sqft",10307
14 Patty Ct,1991,Staten Island,Single-Family Home,"May 29, 2018","410,000","1,354 sqft",10312
81 Kensington Ave,1960,Staten Island,Multi-Family,ie,"670,985
 ","2,288 sqft",10305
168 Armstrong Ave,1985,Staten Island,Multi-Family,"May 29, 2018","770,000","2,608 sqft",10308
267A Bruckner Ave,1990,Staten Island,Condo,"May 29, 2018","310,000","1,132 sqft",10303
516 Tarrytown Ave,1997,Staten Island,Single-Family Home,"May 29, 2018","500,000","1,360 sqft",10306
58 Goller Pl,1980,Staten Island,Multi-Family,"May 30, 2018","629,000","1,530 sqft",10314
35 Stern Ct,1989,Staten Island,Single-Family Home,"May 30, 2018","420,000","1,327 sqft",10308
14 Whitwell Pl,1977,Staten Island,Single-Family Home,"May 22, 2018","1,387,500","3,548 sqft",10304
71 Harbor View Pl,1925,Staten Island,Single-Family Home,ie,"846,619
 ","2,618 sqft",10305
379 Seaview Ave #390,2004,Staten Island,Multi-Family,"May 22, 2018","620,000","1,408 sqft",10305
23 Tessa Ct,2004,Staten Island,ie,ie,"       $529,000
      
     ",ie,10304
136 Jacques Ave,1950,Staten Island,Single-Family Home,"May 22, 2018","640,000","1,296 sqft",10306
34 Marianne St,1920,Staten Island,Single-Family Home,"May 22, 2018","521,000","1,208 sqft",10302
23 Hirsch Ln,1995,Staten Island,Single-Family Home,"May 22, 2018","87,500","1,410 sqft",10314
158 Hett Ave,1960,Staten Island,Single-Family Home,ie,"522,874
 ","1,040 sqft",10306
44 Scott Ave,2003,Staten Island,Single-Family Home,"May 22, 2018","660,000","1,280 sqft",10305
61 Eddy St,1955,Staten Island,Single-Family Home,"May 22, 2018","790,000","1,396 sqft",10301
